No,URL,Delay,LossRate,Bandwidth
1,example.com,0,0,1
2,example.com,0,0,5
3,example.com,0,0,10
4,example.com,0,0,15
5,example.com,0,0,20
6,example.com,0,0,25
7,example.com,15,0,1
8,example.com,15,0,5
9,example.com,15,0,10
10,example.com,15,0,15
11,example.com,15,0,20
12,example.com,15,0,25
13,example.com,30,0,1
14,example.com,30,0,5
15,example.com,30,0,10
16,example.com,30,0,15
17,example.com,30,0,20
18,example.com,30,0,25
19,example.com,45,0,1
20,example.com,45,0,5
21,example.com,45,0,10
22,example.com,45,0,15
23,example.com,45,0,20
24,example.com,45,0,25
25,example.com,60,0,1
26,example.com,60,0,5
27,example.com,60,0,10
28,example.com,60,0,15
29,example.com,60,0,20
30,example.com,60,0,25
31,example.com,75,0,1
32,example.com,75,0,5
33,example.com,75,0,10
34,example.com,75,0,15
35,example.com,75,0,20
36,example.com,75,0,25
37,example.com,90,0,1
38,example.com,90,0,5
39,example.com,90,0,10
40,example.com,90,0,15
41,example.com,90,0,20
42,example.com,90,0,25
43,example.com,105,0,1
44,example.com,105,0,5
45,example.com,105,0,10
46,example.com,105,0,15
47,example.com,105,0,20
48,example.com,105,0,25
49,example.com,120,0,1
50,example.com,120,0,5
51,example.com,120,0,10
52,example.com,120,0,15
53,example.com,120,0,20
54,example.com,120,0,25
55,example.com,135,0,1
56,example.com,135,0,5
57,example.com,135,0,10
58,example.com,135,0,15
59,example.com,135,0,20
60,example.com,135,0,25
61,example.com,150,0,1
62,example.com,150,0,5
63,example.com,150,0,10
64,example.com,150,0,15
65,example.com,150,0,20
66,example.com,150,0,25
67,example.com,0,0.02,1
68,example.com,0,0.02,5
69,example.com,0,0.02,10
70,example.com,0,0.02,15
71,example.com,0,0.02,20
72,example.com,0,0.02,25
73,example.com,15,0.02,1
74,example.com,15,0.02,5
75,example.com,15,0.02,10
76,example.com,15,0.02,15
77,example.com,15,0.02,20
78,example.com,15,0.02,25
79,example.com,30,0.02,1
80,example.com,30,0.02,5
81,example.com,30,0.02,10
82,example.com,30,0.02,15
83,example.com,30,0.02,20
84,example.com,30,0.02,25
85,example.com,45,0.02,1
86,example.com,45,0.02,5
87,example.com,45,0.02,10
88,example.com,45,0.02,15
89,example.com,45,0.02,20
90,example.com,45,0.02,25
91,example.com,60,0.02,1
92,example.com,60,0.02,5
93,example.com,60,0.02,10
94,example.com,60,0.02,15
95,example.com,60,0.02,20
96,example.com,60,0.02,25
97,example.com,75,0.02,1
98,example.com,75,0.02,5
99,example.com,75,0.02,10
100,example.com,75,0.02,15
101,example.com,75,0.02,20
102,example.com,75,0.02,25
103,example.com,90,0.02,1
104,example.com,90,0.02,5
105,example.com,90,0.02,10
106,example.com,90,0.02,15
107,example.com,90,0.02,20
108,example.com,90,0.02,25
109,example.com,105,0.02,1
110,example.com,105,0.02,5
111,example.com,105,0.02,10
112,example.com,105,0.02,15
113,example.com,105,0.02,20
114,example.com,105,0.02,25
115,example.com,120,0.02,1
116,example.com,120,0.02,5
117,example.com,120,0.02,10
118,example.com,120,0.02,15
119,example.com,120,0.02,20
120,example.com,120,0.02,25
121,example.com,135,0.02,1
122,example.com,135,0.02,5
123,example.com,135,0.02,10
124,example.com,135,0.02,15
125,example.com,135,0.02,20
126,example.com,135,0.02,25
127,example.com,150,0.02,1
128,example.com,150,0.02,5
129,example.com,150,0.02,10
130,example.com,150,0.02,15
131,example.com,150,0.02,20
132,example.com,150,0.02,25
133,example.com,0,0.04,1
134,example.com,0,0.04,5
135,example.com,0,0.04,10
136,example.com,0,0.04,15
137,example.com,0,0.04,20
138,example.com,0,0.04,25
139,example.com,15,0.04,1
140,example.com,15,0.04,5
141,example.com,15,0.04,10
142,example.com,15,0.04,15
143,example.com,15,0.04,20
144,example.com,15,0.04,25
145,example.com,30,0.04,1
146,example.com,30,0.04,5
147,example.com,30,0.04,10
148,example.com,30,0.04,15
149,example.com,30,0.04,20
150,example.com,30,0.04,25
151,example.com,45,0.04,1
152,example.com,45,0.04,5
153,example.com,45,0.04,10
154,example.com,45,0.04,15
155,example.com,45,0.04,20
156,example.com,45,0.04,25
157,example.com,60,0.04,1
158,example.com,60,0.04,5
159,example.com,60,0.04,10
160,example.com,60,0.04,15
161,example.com,60,0.04,20
162,example.com,60,0.04,25
163,example.com,75,0.04,1
164,example.com,75,0.04,5
165,example.com,75,0.04,10
166,example.com,75,0.04,15
167,example.com,75,0.04,20
168,example.com,75,0.04,25
169,example.com,90,0.04,1
170,example.com,90,0.04,5
171,example.com,90,0.04,10
172,example.com,90,0.04,15
173,example.com,90,0.04,20
174,example.com,90,0.04,25
175,example.com,105,0.04,1
176,example.com,105,0.04,5
177,example.com,105,0.04,10
178,example.com,105,0.04,15
179,example.com,105,0.04,20
180,example.com,105,0.04,25
181,example.com,120,0.04,1
182,example.com,120,0.04,5
183,example.com,120,0.04,10
184,example.com,120,0.04,15
185,example.com,120,0.04,20
186,example.com,120,0.04,25
187,example.com,135,0.04,1
188,example.com,135,0.04,5
189,example.com,135,0.04,10
190,example.com,135,0.04,15
191,example.com,135,0.04,20
192,example.com,135,0.04,25
193,example.com,150,0.04,1
194,example.com,150,0.04,5
195,example.com,150,0.04,10
196,example.com,150,0.04,15
197,example.com,150,0.04,20
198,example.com,150,0.04,25
199,ebay.com,0,0,1
200,ebay.com,0,0,5
201,ebay.com,0,0,10
202,ebay.com,0,0,15
203,ebay.com,0,0,20
204,ebay.com,0,0,25
205,ebay.com,15,0,1
206,ebay.com,15,0,5
207,ebay.com,15,0,10
208,ebay.com,15,0,15
209,ebay.com,15,0,20
210,ebay.com,15,0,25
211,ebay.com,30,0,1
212,ebay.com,30,0,5
213,ebay.com,30,0,10
214,ebay.com,30,0,15
215,ebay.com,30,0,20
216,ebay.com,30,0,25
217,ebay.com,45,0,1
218,ebay.com,45,0,5
219,ebay.com,45,0,10
220,ebay.com,45,0,15
221,ebay.com,45,0,20
222,ebay.com,45,0,25
223,ebay.com,60,0,1
224,ebay.com,60,0,5
225,ebay.com,60,0,10
226,ebay.com,60,0,15
227,ebay.com,60,0,20
228,ebay.com,60,0,25
229,ebay.com,75,0,1
230,ebay.com,75,0,5
231,ebay.com,75,0,10
232,ebay.com,75,0,15
233,ebay.com,75,0,20
234,ebay.com,75,0,25
235,ebay.com,90,0,1
236,ebay.com,90,0,5
237,ebay.com,90,0,10
238,ebay.com,90,0,15
239,ebay.com,90,0,20
240,ebay.com,90,0,25
241,ebay.com,105,0,1
242,ebay.com,105,0,5
243,ebay.com,105,0,10
244,ebay.com,105,0,15
245,ebay.com,105,0,20
246,ebay.com,105,0,25
247,ebay.com,120,0,1
248,ebay.com,120,0,5
249,ebay.com,120,0,10
250,ebay.com,120,0,15
251,ebay.com,120,0,20
252,ebay.com,120,0,25
253,ebay.com,135,0,1
254,ebay.com,135,0,5
255,ebay.com,135,0,10
256,ebay.com,135,0,15
257,ebay.com,135,0,20
258,ebay.com,135,0,25
259,ebay.com,150,0,1
260,ebay.com,150,0,5
261,ebay.com,150,0,10
262,ebay.com,150,0,15
263,ebay.com,150,0,20
264,ebay.com,150,0,25
265,ebay.com,0,0.02,1
266,ebay.com,0,0.02,5
267,ebay.com,0,0.02,10
268,ebay.com,0,0.02,15
269,ebay.com,0,0.02,20
270,ebay.com,0,0.02,25
271,ebay.com,15,0.02,1
272,ebay.com,15,0.02,5
273,ebay.com,15,0.02,10
274,ebay.com,15,0.02,15
275,ebay.com,15,0.02,20
276,ebay.com,15,0.02,25
277,ebay.com,30,0.02,1
278,ebay.com,30,0.02,5
279,ebay.com,30,0.02,10
280,ebay.com,30,0.02,15
281,ebay.com,30,0.02,20
282,ebay.com,30,0.02,25
283,ebay.com,45,0.02,1
284,ebay.com,45,0.02,5
285,ebay.com,45,0.02,10
286,ebay.com,45,0.02,15
287,ebay.com,45,0.02,20
288,ebay.com,45,0.02,25
289,ebay.com,60,0.02,1
290,ebay.com,60,0.02,5
291,ebay.com,60,0.02,10
292,ebay.com,60,0.02,15
293,ebay.com,60,0.02,20
294,ebay.com,60,0.02,25
295,ebay.com,75,0.02,1
296,ebay.com,75,0.02,5
297,ebay.com,75,0.02,10
298,ebay.com,75,0.02,15
299,ebay.com,75,0.02,20
300,ebay.com,75,0.02,25
301,ebay.com,90,0.02,1
302,ebay.com,90,0.02,5
303,ebay.com,90,0.02,10
304,ebay.com,90,0.02,15
305,ebay.com,90,0.02,20
306,ebay.com,90,0.02,25
307,ebay.com,105,0.02,1
308,ebay.com,105,0.02,5
309,ebay.com,105,0.02,10
310,ebay.com,105,0.02,15
311,ebay.com,105,0.02,20
312,ebay.com,105,0.02,25
313,ebay.com,120,0.02,1
314,ebay.com,120,0.02,5
315,ebay.com,120,0.02,10
316,ebay.com,120,0.02,15
317,ebay.com,120,0.02,20
318,ebay.com,120,0.02,25
319,ebay.com,135,0.02,1
320,ebay.com,135,0.02,5
321,ebay.com,135,0.02,10
322,ebay.com,135,0.02,15
323,ebay.com,135,0.02,20
324,ebay.com,135,0.02,25
325,ebay.com,150,0.02,1
326,ebay.com,150,0.02,5
327,ebay.com,150,0.02,10
328,ebay.com,150,0.02,15
329,ebay.com,150,0.02,20
330,ebay.com,150,0.02,25
331,ebay.com,0,0.04,1
332,ebay.com,0,0.04,5
333,ebay.com,0,0.04,10
334,ebay.com,0,0.04,15
335,ebay.com,0,0.04,20
336,ebay.com,0,0.04,25
337,ebay.com,15,0.04,1
338,ebay.com,15,0.04,5
339,ebay.com,15,0.04,10
340,ebay.com,15,0.04,15
341,ebay.com,15,0.04,20
342,ebay.com,15,0.04,25
343,ebay.com,30,0.04,1
344,ebay.com,30,0.04,5
345,ebay.com,30,0.04,10
346,ebay.com,30,0.04,15
347,ebay.com,30,0.04,20
348,ebay.com,30,0.04,25
349,ebay.com,45,0.04,1
350,ebay.com,45,0.04,5
351,ebay.com,45,0.04,10
352,ebay.com,45,0.04,15
353,ebay.com,45,0.04,20
354,ebay.com,45,0.04,25
355,ebay.com,60,0.04,1
356,ebay.com,60,0.04,5
357,ebay.com,60,0.04,10
358,ebay.com,60,0.04,15
359,ebay.com,60,0.04,20
360,ebay.com,60,0.04,25
361,ebay.com,75,0.04,1
362,ebay.com,75,0.04,5
363,ebay.com,75,0.04,10
364,ebay.com,75,0.04,15
365,ebay.com,75,0.04,20
366,ebay.com,75,0.04,25
367,ebay.com,90,0.04,1
368,ebay.com,90,0.04,5
369,ebay.com,90,0.04,10
370,ebay.com,90,0.04,15
371,ebay.com,90,0.04,20
372,ebay.com,90,0.04,25
373,ebay.com,105,0.04,1
374,ebay.com,105,0.04,5
375,ebay.com,105,0.04,10
376,ebay.com,105,0.04,15
377,ebay.com,105,0.04,20
378,ebay.com,105,0.04,25
379,ebay.com,120,0.04,1
380,ebay.com,120,0.04,5
381,ebay.com,120,0.04,10
382,ebay.com,120,0.04,15
383,ebay.com,120,0.04,20
384,ebay.com,120,0.04,25
385,ebay.com,135,0.04,1
386,ebay.com,135,0.04,5
387,ebay.com,135,0.04,10
388,ebay.com,135,0.04,15
389,ebay.com,135,0.04,20
390,ebay.com,135,0.04,25
391,ebay.com,150,0.04,1
392,ebay.com,150,0.04,5
393,ebay.com,150,0.04,10
394,ebay.com,150,0.04,15
395,ebay.com,150,0.04,20
396,ebay.com,150,0.04,25
397,facebook.com,0,0,1
398,facebook.com,0,0,5
399,facebook.com,0,0,10
400,facebook.com,0,0,15
401,facebook.com,0,0,20
402,facebook.com,0,0,25
403,facebook.com,15,0,1
404,facebook.com,15,0,5
405,facebook.com,15,0,10
406,facebook.com,15,0,15
407,facebook.com,15,0,20
408,facebook.com,15,0,25
409,facebook.com,30,0,1
410,facebook.com,30,0,5
411,facebook.com,30,0,10
412,facebook.com,30,0,15
413,facebook.com,30,0,20
414,facebook.com,30,0,25
415,facebook.com,45,0,1
416,facebook.com,45,0,5
417,facebook.com,45,0,10
418,facebook.com,45,0,15
419,facebook.com,45,0,20
420,facebook.com,45,0,25
421,facebook.com,60,0,1
422,facebook.com,60,0,5
423,facebook.com,60,0,10
424,facebook.com,60,0,15
425,facebook.com,60,0,20
426,facebook.com,60,0,25
427,facebook.com,75,0,1
428,facebook.com,75,0,5
429,facebook.com,75,0,10
430,facebook.com,75,0,15
431,facebook.com,75,0,20
432,facebook.com,75,0,25
433,facebook.com,90,0,1
434,facebook.com,90,0,5
435,facebook.com,90,0,10
436,facebook.com,90,0,15
437,facebook.com,90,0,20
438,facebook.com,90,0,25
439,facebook.com,105,0,1
440,facebook.com,105,0,5
441,facebook.com,105,0,10
442,facebook.com,105,0,15
443,facebook.com,105,0,20
444,facebook.com,105,0,25
445,facebook.com,120,0,1
446,facebook.com,120,0,5
447,facebook.com,120,0,10
448,facebook.com,120,0,15
449,facebook.com,120,0,20
450,facebook.com,120,0,25
451,facebook.com,135,0,1
452,facebook.com,135,0,5
453,facebook.com,135,0,10
454,facebook.com,135,0,15
455,facebook.com,135,0,20
456,facebook.com,135,0,25
457,facebook.com,150,0,1
458,facebook.com,150,0,5
459,facebook.com,150,0,10
460,facebook.com,150,0,15
461,facebook.com,150,0,20
462,facebook.com,150,0,25
463,facebook.com,0,0.02,1
464,facebook.com,0,0.02,5
465,facebook.com,0,0.02,10
466,facebook.com,0,0.02,15
467,facebook.com,0,0.02,20
468,facebook.com,0,0.02,25
469,facebook.com,15,0.02,1
470,facebook.com,15,0.02,5
471,facebook.com,15,0.02,10
472,facebook.com,15,0.02,15
473,facebook.com,15,0.02,20
474,facebook.com,15,0.02,25
475,facebook.com,30,0.02,1
476,facebook.com,30,0.02,5
477,facebook.com,30,0.02,10
478,facebook.com,30,0.02,15
479,facebook.com,30,0.02,20
480,facebook.com,30,0.02,25
481,facebook.com,45,0.02,1
482,facebook.com,45,0.02,5
483,facebook.com,45,0.02,10
484,facebook.com,45,0.02,15
485,facebook.com,45,0.02,20
486,facebook.com,45,0.02,25
487,facebook.com,60,0.02,1
488,facebook.com,60,0.02,5
489,facebook.com,60,0.02,10
490,facebook.com,60,0.02,15
491,facebook.com,60,0.02,20
492,facebook.com,60,0.02,25
493,facebook.com,75,0.02,1
494,facebook.com,75,0.02,5
495,facebook.com,75,0.02,10
496,facebook.com,75,0.02,15
497,facebook.com,75,0.02,20
498,facebook.com,75,0.02,25
499,facebook.com,90,0.02,1
500,facebook.com,90,0.02,5
501,facebook.com,90,0.02,10
502,facebook.com,90,0.02,15
503,facebook.com,90,0.02,20
504,facebook.com,90,0.02,25
505,facebook.com,105,0.02,1
506,facebook.com,105,0.02,5
507,facebook.com,105,0.02,10
508,facebook.com,105,0.02,15
509,facebook.com,105,0.02,20
510,facebook.com,105,0.02,25
511,facebook.com,120,0.02,1
512,facebook.com,120,0.02,5
513,facebook.com,120,0.02,10
514,facebook.com,120,0.02,15
515,facebook.com,120,0.02,20
516,facebook.com,120,0.02,25
517,facebook.com,135,0.02,1
518,facebook.com,135,0.02,5
519,facebook.com,135,0.02,10
520,facebook.com,135,0.02,15
521,facebook.com,135,0.02,20
522,facebook.com,135,0.02,25
523,facebook.com,150,0.02,1
524,facebook.com,150,0.02,5
525,facebook.com,150,0.02,10
526,facebook.com,150,0.02,15
527,facebook.com,150,0.02,20
528,facebook.com,150,0.02,25
529,facebook.com,0,0.04,1
530,facebook.com,0,0.04,5
531,facebook.com,0,0.04,10
532,facebook.com,0,0.04,15
533,facebook.com,0,0.04,20
534,facebook.com,0,0.04,25
535,facebook.com,15,0.04,1
536,facebook.com,15,0.04,5
537,facebook.com,15,0.04,10
538,facebook.com,15,0.04,15
539,facebook.com,15,0.04,20
540,facebook.com,15,0.04,25
541,facebook.com,30,0.04,1
542,facebook.com,30,0.04,5
543,facebook.com,30,0.04,10
544,facebook.com,30,0.04,15
545,facebook.com,30,0.04,20
546,facebook.com,30,0.04,25
547,facebook.com,45,0.04,1
548,facebook.com,45,0.04,5
549,facebook.com,45,0.04,10
550,facebook.com,45,0.04,15
551,facebook.com,45,0.04,20
552,facebook.com,45,0.04,25
553,facebook.com,60,0.04,1
554,facebook.com,60,0.04,5
555,facebook.com,60,0.04,10
556,facebook.com,60,0.04,15
557,facebook.com,60,0.04,20
558,facebook.com,60,0.04,25
559,facebook.com,75,0.04,1
560,facebook.com,75,0.04,5
561,facebook.com,75,0.04,10
562,facebook.com,75,0.04,15
563,facebook.com,75,0.04,20
564,facebook.com,75,0.04,25
565,facebook.com,90,0.04,1
566,facebook.com,90,0.04,5
567,facebook.com,90,0.04,10
568,facebook.com,90,0.04,15
569,facebook.com,90,0.04,20
570,facebook.com,90,0.04,25
571,facebook.com,105,0.04,1
572,facebook.com,105,0.04,5
573,facebook.com,105,0.04,10
574,facebook.com,105,0.04,15
575,facebook.com,105,0.04,20
576,facebook.com,105,0.04,25
577,facebook.com,120,0.04,1
578,facebook.com,120,0.04,5
579,facebook.com,120,0.04,10
580,facebook.com,120,0.04,15
581,facebook.com,120,0.04,20
582,facebook.com,120,0.04,25
583,facebook.com,135,0.04,1
584,facebook.com,135,0.04,5
585,facebook.com,135,0.04,10
586,facebook.com,135,0.04,15
587,facebook.com,135,0.04,20
588,facebook.com,135,0.04,25
589,facebook.com,150,0.04,1
590,facebook.com,150,0.04,5
591,facebook.com,150,0.04,10
592,facebook.com,150,0.04,15
593,facebook.com,150,0.04,20
594,facebook.com,150,0.04,25
595,google.com,0,0,1
596,google.com,0,0,5
597,google.com,0,0,10
598,google.com,0,0,15
599,google.com,0,0,20
600,google.com,0,0,25
601,google.com,15,0,1
602,google.com,15,0,5
603,google.com,15,0,10
604,google.com,15,0,15
605,google.com,15,0,20
606,google.com,15,0,25
607,google.com,30,0,1
608,google.com,30,0,5
609,google.com,30,0,10
610,google.com,30,0,15
611,google.com,30,0,20
612,google.com,30,0,25
613,google.com,45,0,1
614,google.com,45,0,5
615,google.com,45,0,10
616,google.com,45,0,15
617,google.com,45,0,20
618,google.com,45,0,25
619,google.com,60,0,1
620,google.com,60,0,5
621,google.com,60,0,10
622,google.com,60,0,15
623,google.com,60,0,20
624,google.com,60,0,25
625,google.com,75,0,1
626,google.com,75,0,5
627,google.com,75,0,10
628,google.com,75,0,15
629,google.com,75,0,20
630,google.com,75,0,25
631,google.com,90,0,1
632,google.com,90,0,5
633,google.com,90,0,10
634,google.com,90,0,15
635,google.com,90,0,20
636,google.com,90,0,25
637,google.com,105,0,1
638,google.com,105,0,5
639,google.com,105,0,10
640,google.com,105,0,15
641,google.com,105,0,20
642,google.com,105,0,25
643,google.com,120,0,1
644,google.com,120,0,5
645,google.com,120,0,10
646,google.com,120,0,15
647,google.com,120,0,20
648,google.com,120,0,25
649,google.com,135,0,1
650,google.com,135,0,5
651,google.com,135,0,10
652,google.com,135,0,15
653,google.com,135,0,20
654,google.com,135,0,25
655,google.com,150,0,1
656,google.com,150,0,5
657,google.com,150,0,10
658,google.com,150,0,15
659,google.com,150,0,20
660,google.com,150,0,25
661,google.com,0,0.02,1
662,google.com,0,0.02,5
663,google.com,0,0.02,10
664,google.com,0,0.02,15
665,google.com,0,0.02,20
666,google.com,0,0.02,25
667,google.com,15,0.02,1
668,google.com,15,0.02,5
669,google.com,15,0.02,10
670,google.com,15,0.02,15
671,google.com,15,0.02,20
672,google.com,15,0.02,25
673,google.com,30,0.02,1
674,google.com,30,0.02,5
675,google.com,30,0.02,10
676,google.com,30,0.02,15
677,google.com,30,0.02,20
678,google.com,30,0.02,25
679,google.com,45,0.02,1
680,google.com,45,0.02,5
681,google.com,45,0.02,10
682,google.com,45,0.02,15
683,google.com,45,0.02,20
684,google.com,45,0.02,25
685,google.com,60,0.02,1
686,google.com,60,0.02,5
687,google.com,60,0.02,10
688,google.com,60,0.02,15
689,google.com,60,0.02,20
690,google.com,60,0.02,25
691,google.com,75,0.02,1
692,google.com,75,0.02,5
693,google.com,75,0.02,10
694,google.com,75,0.02,15
695,google.com,75,0.02,20
696,google.com,75,0.02,25
697,google.com,90,0.02,1
698,google.com,90,0.02,5
699,google.com,90,0.02,10
700,google.com,90,0.02,15
701,google.com,90,0.02,20
702,google.com,90,0.02,25
703,google.com,105,0.02,1
704,google.com,105,0.02,5
705,google.com,105,0.02,10
706,google.com,105,0.02,15
707,google.com,105,0.02,20
708,google.com,105,0.02,25
709,google.com,120,0.02,1
710,google.com,120,0.02,5
711,google.com,120,0.02,10
712,google.com,120,0.02,15
713,google.com,120,0.02,20
714,google.com,120,0.02,25
715,google.com,135,0.02,1
716,google.com,135,0.02,5
717,google.com,135,0.02,10
718,google.com,135,0.02,15
719,google.com,135,0.02,20
720,google.com,135,0.02,25
721,google.com,150,0.02,1
722,google.com,150,0.02,5
723,google.com,150,0.02,10
724,google.com,150,0.02,15
725,google.com,150,0.02,20
726,google.com,150,0.02,25
727,google.com,0,0.04,1
728,google.com,0,0.04,5
729,google.com,0,0.04,10
730,google.com,0,0.04,15
731,google.com,0,0.04,20
732,google.com,0,0.04,25
733,google.com,15,0.04,1
734,google.com,15,0.04,5
735,google.com,15,0.04,10
736,google.com,15,0.04,15
737,google.com,15,0.04,20
738,google.com,15,0.04,25
739,google.com,30,0.04,1
740,google.com,30,0.04,5
741,google.com,30,0.04,10
742,google.com,30,0.04,15
743,google.com,30,0.04,20
744,google.com,30,0.04,25
745,google.com,45,0.04,1
746,google.com,45,0.04,5
747,google.com,45,0.04,10
748,google.com,45,0.04,15
749,google.com,45,0.04,20
750,google.com,45,0.04,25
751,google.com,60,0.04,1
752,google.com,60,0.04,5
753,google.com,60,0.04,10
754,google.com,60,0.04,15
755,google.com,60,0.04,20
756,google.com,60,0.04,25
757,google.com,75,0.04,1
758,google.com,75,0.04,5
759,google.com,75,0.04,10
760,google.com,75,0.04,15
761,google.com,75,0.04,20
762,google.com,75,0.04,25
763,google.com,90,0.04,1
764,google.com,90,0.04,5
765,google.com,90,0.04,10
766,google.com,90,0.04,15
767,google.com,90,0.04,20
768,google.com,90,0.04,25
769,google.com,105,0.04,1
770,google.com,105,0.04,5
771,google.com,105,0.04,10
772,google.com,105,0.04,15
773,google.com,105,0.04,20
774,google.com,105,0.04,25
775,google.com,120,0.04,1
776,google.com,120,0.04,5
777,google.com,120,0.04,10
778,google.com,120,0.04,15
779,google.com,120,0.04,20
780,google.com,120,0.04,25
781,google.com,135,0.04,1
782,google.com,135,0.04,5
783,google.com,135,0.04,10
784,google.com,135,0.04,15
785,google.com,135,0.04,20
786,google.com,135,0.04,25
787,google.com,150,0.04,1
788,google.com,150,0.04,5
789,google.com,150,0.04,10
790,google.com,150,0.04,15
791,google.com,150,0.04,20
792,google.com,150,0.04,25
793,nytimes.com,0,0,1
794,nytimes.com,0,0,5
795,nytimes.com,0,0,10
796,nytimes.com,0,0,15
797,nytimes.com,0,0,20
798,nytimes.com,0,0,25
799,nytimes.com,15,0,1
800,nytimes.com,15,0,5
801,nytimes.com,15,0,10
802,nytimes.com,15,0,15
803,nytimes.com,15,0,20
804,nytimes.com,15,0,25
805,nytimes.com,30,0,1
806,nytimes.com,30,0,5
807,nytimes.com,30,0,10
808,nytimes.com,30,0,15
809,nytimes.com,30,0,20
810,nytimes.com,30,0,25
811,nytimes.com,45,0,1
812,nytimes.com,45,0,5
813,nytimes.com,45,0,10
814,nytimes.com,45,0,15
815,nytimes.com,45,0,20
816,nytimes.com,45,0,25
817,nytimes.com,60,0,1
818,nytimes.com,60,0,5
819,nytimes.com,60,0,10
820,nytimes.com,60,0,15
821,nytimes.com,60,0,20
822,nytimes.com,60,0,25
823,nytimes.com,75,0,1
824,nytimes.com,75,0,5
825,nytimes.com,75,0,10
826,nytimes.com,75,0,15
827,nytimes.com,75,0,20
828,nytimes.com,75,0,25
829,nytimes.com,90,0,1
830,nytimes.com,90,0,5
831,nytimes.com,90,0,10
832,nytimes.com,90,0,15
833,nytimes.com,90,0,20
834,nytimes.com,90,0,25
835,nytimes.com,105,0,1
836,nytimes.com,105,0,5
837,nytimes.com,105,0,10
838,nytimes.com,105,0,15
839,nytimes.com,105,0,20
840,nytimes.com,105,0,25
841,nytimes.com,120,0,1
842,nytimes.com,120,0,5
843,nytimes.com,120,0,10
844,nytimes.com,120,0,15
845,nytimes.com,120,0,20
846,nytimes.com,120,0,25
847,nytimes.com,135,0,1
848,nytimes.com,135,0,5
849,nytimes.com,135,0,10
850,nytimes.com,135,0,15
851,nytimes.com,135,0,20
852,nytimes.com,135,0,25
853,nytimes.com,150,0,1
854,nytimes.com,150,0,5
855,nytimes.com,150,0,10
856,nytimes.com,150,0,15
857,nytimes.com,150,0,20
858,nytimes.com,150,0,25
859,nytimes.com,0,0.02,1
860,nytimes.com,0,0.02,5
861,nytimes.com,0,0.02,10
862,nytimes.com,0,0.02,15
863,nytimes.com,0,0.02,20
864,nytimes.com,0,0.02,25
865,nytimes.com,15,0.02,1
866,nytimes.com,15,0.02,5
867,nytimes.com,15,0.02,10
868,nytimes.com,15,0.02,15
869,nytimes.com,15,0.02,20
870,nytimes.com,15,0.02,25
871,nytimes.com,30,0.02,1
872,nytimes.com,30,0.02,5
873,nytimes.com,30,0.02,10
874,nytimes.com,30,0.02,15
875,nytimes.com,30,0.02,20
876,nytimes.com,30,0.02,25
877,nytimes.com,45,0.02,1
878,nytimes.com,45,0.02,5
879,nytimes.com,45,0.02,10
880,nytimes.com,45,0.02,15
881,nytimes.com,45,0.02,20
882,nytimes.com,45,0.02,25
883,nytimes.com,60,0.02,1
884,nytimes.com,60,0.02,5
885,nytimes.com,60,0.02,10
886,nytimes.com,60,0.02,15
887,nytimes.com,60,0.02,20
888,nytimes.com,60,0.02,25
889,nytimes.com,75,0.02,1
890,nytimes.com,75,0.02,5
891,nytimes.com,75,0.02,10
892,nytimes.com,75,0.02,15
893,nytimes.com,75,0.02,20
894,nytimes.com,75,0.02,25
895,nytimes.com,90,0.02,1
896,nytimes.com,90,0.02,5
897,nytimes.com,90,0.02,10
898,nytimes.com,90,0.02,15
899,nytimes.com,90,0.02,20
900,nytimes.com,90,0.02,25
901,nytimes.com,105,0.02,1
902,nytimes.com,105,0.02,5
903,nytimes.com,105,0.02,10
904,nytimes.com,105,0.02,15
905,nytimes.com,105,0.02,20
906,nytimes.com,105,0.02,25
907,nytimes.com,120,0.02,1
908,nytimes.com,120,0.02,5
909,nytimes.com,120,0.02,10
910,nytimes.com,120,0.02,15
911,nytimes.com,120,0.02,20
912,nytimes.com,120,0.02,25
913,nytimes.com,135,0.02,1
914,nytimes.com,135,0.02,5
915,nytimes.com,135,0.02,10
916,nytimes.com,135,0.02,15
917,nytimes.com,135,0.02,20
918,nytimes.com,135,0.02,25
919,nytimes.com,150,0.02,1
920,nytimes.com,150,0.02,5
921,nytimes.com,150,0.02,10
922,nytimes.com,150,0.02,15
923,nytimes.com,150,0.02,20
924,nytimes.com,150,0.02,25
925,nytimes.com,0,0.04,1
926,nytimes.com,0,0.04,5
927,nytimes.com,0,0.04,10
928,nytimes.com,0,0.04,15
929,nytimes.com,0,0.04,20
930,nytimes.com,0,0.04,25
931,nytimes.com,15,0.04,1
932,nytimes.com,15,0.04,5
933,nytimes.com,15,0.04,10
934,nytimes.com,15,0.04,15
935,nytimes.com,15,0.04,20
936,nytimes.com,15,0.04,25
937,nytimes.com,30,0.04,1
938,nytimes.com,30,0.04,5
939,nytimes.com,30,0.04,10
940,nytimes.com,30,0.04,15
941,nytimes.com,30,0.04,20
942,nytimes.com,30,0.04,25
943,nytimes.com,45,0.04,1
944,nytimes.com,45,0.04,5
945,nytimes.com,45,0.04,10
946,nytimes.com,45,0.04,15
947,nytimes.com,45,0.04,20
948,nytimes.com,45,0.04,25
949,nytimes.com,60,0.04,1
950,nytimes.com,60,0.04,5
951,nytimes.com,60,0.04,10
952,nytimes.com,60,0.04,15
953,nytimes.com,60,0.04,20
954,nytimes.com,60,0.04,25
955,nytimes.com,75,0.04,1
956,nytimes.com,75,0.04,5
957,nytimes.com,75,0.04,10
958,nytimes.com,75,0.04,15
959,nytimes.com,75,0.04,20
960,nytimes.com,75,0.04,25
961,nytimes.com,90,0.04,1
962,nytimes.com,90,0.04,5
963,nytimes.com,90,0.04,10
964,nytimes.com,90,0.04,15
965,nytimes.com,90,0.04,20
966,nytimes.com,90,0.04,25
967,nytimes.com,105,0.04,1
968,nytimes.com,105,0.04,5
969,nytimes.com,105,0.04,10
970,nytimes.com,105,0.04,15
971,nytimes.com,105,0.04,20
972,nytimes.com,105,0.04,25
973,nytimes.com,120,0.04,1
974,nytimes.com,120,0.04,5
975,nytimes.com,120,0.04,10
976,nytimes.com,120,0.04,15
977,nytimes.com,120,0.04,20
978,nytimes.com,120,0.04,25
979,nytimes.com,135,0.04,1
980,nytimes.com,135,0.04,5
981,nytimes.com,135,0.04,10
982,nytimes.com,135,0.04,15
983,nytimes.com,135,0.04,20
984,nytimes.com,135,0.04,25
985,nytimes.com,150,0.04,1
986,nytimes.com,150,0.04,5
987,nytimes.com,150,0.04,10
988,nytimes.com,150,0.04,15
989,nytimes.com,150,0.04,20
990,nytimes.com,150,0.04,25
991,stackoverflow.com,0,0,1
992,stackoverflow.com,0,0,5
993,stackoverflow.com,0,0,10
994,stackoverflow.com,0,0,15
995,stackoverflow.com,0,0,20
996,stackoverflow.com,0,0,25
997,stackoverflow.com,15,0,1
998,stackoverflow.com,15,0,5
999,stackoverflow.com,15,0,10
1000,stackoverflow.com,15,0,15
1001,stackoverflow.com,15,0,20
1002,stackoverflow.com,15,0,25
1003,stackoverflow.com,30,0,1
1004,stackoverflow.com,30,0,5
1005,stackoverflow.com,30,0,10
1006,stackoverflow.com,30,0,15
1007,stackoverflow.com,30,0,20
1008,stackoverflow.com,30,0,25
1009,stackoverflow.com,45,0,1
1010,stackoverflow.com,45,0,5
1011,stackoverflow.com,45,0,10
1012,stackoverflow.com,45,0,15
1013,stackoverflow.com,45,0,20
1014,stackoverflow.com,45,0,25
1015,stackoverflow.com,60,0,1
1016,stackoverflow.com,60,0,5
1017,stackoverflow.com,60,0,10
1018,stackoverflow.com,60,0,15
1019,stackoverflow.com,60,0,20
1020,stackoverflow.com,60,0,25
1021,stackoverflow.com,75,0,1
1022,stackoverflow.com,75,0,5
1023,stackoverflow.com,75,0,10
1024,stackoverflow.com,75,0,15
1025,stackoverflow.com,75,0,20
1026,stackoverflow.com,75,0,25
1027,stackoverflow.com,90,0,1
1028,stackoverflow.com,90,0,5
1029,stackoverflow.com,90,0,10
1030,stackoverflow.com,90,0,15
1031,stackoverflow.com,90,0,20
1032,stackoverflow.com,90,0,25
1033,stackoverflow.com,105,0,1
1034,stackoverflow.com,105,0,5
1035,stackoverflow.com,105,0,10
1036,stackoverflow.com,105,0,15
1037,stackoverflow.com,105,0,20
1038,stackoverflow.com,105,0,25
1039,stackoverflow.com,120,0,1
1040,stackoverflow.com,120,0,5
1041,stackoverflow.com,120,0,10
1042,stackoverflow.com,120,0,15
1043,stackoverflow.com,120,0,20
1044,stackoverflow.com,120,0,25
1045,stackoverflow.com,135,0,1
1046,stackoverflow.com,135,0,5
1047,stackoverflow.com,135,0,10
1048,stackoverflow.com,135,0,15
1049,stackoverflow.com,135,0,20
1050,stackoverflow.com,135,0,25
1051,stackoverflow.com,150,0,1
1052,stackoverflow.com,150,0,5
1053,stackoverflow.com,150,0,10
1054,stackoverflow.com,150,0,15
1055,stackoverflow.com,150,0,20
1056,stackoverflow.com,150,0,25
1057,stackoverflow.com,0,0.02,1
1058,stackoverflow.com,0,0.02,5
1059,stackoverflow.com,0,0.02,10
1060,stackoverflow.com,0,0.02,15
1061,stackoverflow.com,0,0.02,20
1062,stackoverflow.com,0,0.02,25
1063,stackoverflow.com,15,0.02,1
1064,stackoverflow.com,15,0.02,5
1065,stackoverflow.com,15,0.02,10
1066,stackoverflow.com,15,0.02,15
1067,stackoverflow.com,15,0.02,20
1068,stackoverflow.com,15,0.02,25
1069,stackoverflow.com,30,0.02,1
1070,stackoverflow.com,30,0.02,5
1071,stackoverflow.com,30,0.02,10
1072,stackoverflow.com,30,0.02,15
1073,stackoverflow.com,30,0.02,20
1074,stackoverflow.com,30,0.02,25
1075,stackoverflow.com,45,0.02,1
1076,stackoverflow.com,45,0.02,5
1077,stackoverflow.com,45,0.02,10
1078,stackoverflow.com,45,0.02,15
1079,stackoverflow.com,45,0.02,20
1080,stackoverflow.com,45,0.02,25
1081,stackoverflow.com,60,0.02,1
1082,stackoverflow.com,60,0.02,5
1083,stackoverflow.com,60,0.02,10
1084,stackoverflow.com,60,0.02,15
1085,stackoverflow.com,60,0.02,20
1086,stackoverflow.com,60,0.02,25
1087,stackoverflow.com,75,0.02,1
1088,stackoverflow.com,75,0.02,5
1089,stackoverflow.com,75,0.02,10
1090,stackoverflow.com,75,0.02,15
1091,stackoverflow.com,75,0.02,20
1092,stackoverflow.com,75,0.02,25
1093,stackoverflow.com,90,0.02,1
1094,stackoverflow.com,90,0.02,5
1095,stackoverflow.com,90,0.02,10
1096,stackoverflow.com,90,0.02,15
1097,stackoverflow.com,90,0.02,20
1098,stackoverflow.com,90,0.02,25
1099,stackoverflow.com,105,0.02,1
1100,stackoverflow.com,105,0.02,5
1101,stackoverflow.com,105,0.02,10
1102,stackoverflow.com,105,0.02,15
1103,stackoverflow.com,105,0.02,20
1104,stackoverflow.com,105,0.02,25
1105,stackoverflow.com,120,0.02,1
1106,stackoverflow.com,120,0.02,5
1107,stackoverflow.com,120,0.02,10
1108,stackoverflow.com,120,0.02,15
1109,stackoverflow.com,120,0.02,20
1110,stackoverflow.com,120,0.02,25
1111,stackoverflow.com,135,0.02,1
1112,stackoverflow.com,135,0.02,5
1113,stackoverflow.com,135,0.02,10
1114,stackoverflow.com,135,0.02,15
1115,stackoverflow.com,135,0.02,20
1116,stackoverflow.com,135,0.02,25
1117,stackoverflow.com,150,0.02,1
1118,stackoverflow.com,150,0.02,5
1119,stackoverflow.com,150,0.02,10
1120,stackoverflow.com,150,0.02,15
1121,stackoverflow.com,150,0.02,20
1122,stackoverflow.com,150,0.02,25
1123,stackoverflow.com,0,0.04,1
1124,stackoverflow.com,0,0.04,5
1125,stackoverflow.com,0,0.04,10
1126,stackoverflow.com,0,0.04,15
1127,stackoverflow.com,0,0.04,20
1128,stackoverflow.com,0,0.04,25
1129,stackoverflow.com,15,0.04,1
1130,stackoverflow.com,15,0.04,5
1131,stackoverflow.com,15,0.04,10
1132,stackoverflow.com,15,0.04,15
1133,stackoverflow.com,15,0.04,20
1134,stackoverflow.com,15,0.04,25
1135,stackoverflow.com,30,0.04,1
1136,stackoverflow.com,30,0.04,5
1137,stackoverflow.com,30,0.04,10
1138,stackoverflow.com,30,0.04,15
1139,stackoverflow.com,30,0.04,20
1140,stackoverflow.com,30,0.04,25
1141,stackoverflow.com,45,0.04,1
1142,stackoverflow.com,45,0.04,5
1143,stackoverflow.com,45,0.04,10
1144,stackoverflow.com,45,0.04,15
1145,stackoverflow.com,45,0.04,20
1146,stackoverflow.com,45,0.04,25
1147,stackoverflow.com,60,0.04,1
1148,stackoverflow.com,60,0.04,5
1149,stackoverflow.com,60,0.04,10
1150,stackoverflow.com,60,0.04,15
1151,stackoverflow.com,60,0.04,20
1152,stackoverflow.com,60,0.04,25
1153,stackoverflow.com,75,0.04,1
1154,stackoverflow.com,75,0.04,5
1155,stackoverflow.com,75,0.04,10
1156,stackoverflow.com,75,0.04,15
1157,stackoverflow.com,75,0.04,20
1158,stackoverflow.com,75,0.04,25
1159,stackoverflow.com,90,0.04,1
1160,stackoverflow.com,90,0.04,5
1161,stackoverflow.com,90,0.04,10
1162,stackoverflow.com,90,0.04,15
1163,stackoverflow.com,90,0.04,20
1164,stackoverflow.com,90,0.04,25
1165,stackoverflow.com,105,0.04,1
1166,stackoverflow.com,105,0.04,5
1167,stackoverflow.com,105,0.04,10
1168,stackoverflow.com,105,0.04,15
1169,stackoverflow.com,105,0.04,20
1170,stackoverflow.com,105,0.04,25
1171,stackoverflow.com,120,0.04,1
1172,stackoverflow.com,120,0.04,5
1173,stackoverflow.com,120,0.04,10
1174,stackoverflow.com,120,0.04,15
1175,stackoverflow.com,120,0.04,20
1176,stackoverflow.com,120,0.04,25
1177,stackoverflow.com,135,0.04,1
1178,stackoverflow.com,135,0.04,5
1179,stackoverflow.com,135,0.04,10
1180,stackoverflow.com,135,0.04,15
1181,stackoverflow.com,135,0.04,20
1182,stackoverflow.com,135,0.04,25
1183,stackoverflow.com,150,0.04,1
1184,stackoverflow.com,150,0.04,5
1185,stackoverflow.com,150,0.04,10
1186,stackoverflow.com,150,0.04,15
1187,stackoverflow.com,150,0.04,20
1188,stackoverflow.com,150,0.04,25
1189,tumblr.com,0,0,1
1190,tumblr.com,0,0,5
1191,tumblr.com,0,0,10
1192,tumblr.com,0,0,15
1193,tumblr.com,0,0,20
1194,tumblr.com,0,0,25
1195,tumblr.com,15,0,1
1196,tumblr.com,15,0,5
1197,tumblr.com,15,0,10
1198,tumblr.com,15,0,15
1199,tumblr.com,15,0,20
1200,tumblr.com,15,0,25
1201,tumblr.com,30,0,1
1202,tumblr.com,30,0,5
1203,tumblr.com,30,0,10
1204,tumblr.com,30,0,15
1205,tumblr.com,30,0,20
1206,tumblr.com,30,0,25
1207,tumblr.com,45,0,1
1208,tumblr.com,45,0,5
1209,tumblr.com,45,0,10
1210,tumblr.com,45,0,15
1211,tumblr.com,45,0,20
1212,tumblr.com,45,0,25
1213,tumblr.com,60,0,1
1214,tumblr.com,60,0,5
1215,tumblr.com,60,0,10
1216,tumblr.com,60,0,15
1217,tumblr.com,60,0,20
1218,tumblr.com,60,0,25
1219,tumblr.com,75,0,1
1220,tumblr.com,75,0,5
1221,tumblr.com,75,0,10
1222,tumblr.com,75,0,15
1223,tumblr.com,75,0,20
1224,tumblr.com,75,0,25
1225,tumblr.com,90,0,1
1226,tumblr.com,90,0,5
1227,tumblr.com,90,0,10
1228,tumblr.com,90,0,15
1229,tumblr.com,90,0,20
1230,tumblr.com,90,0,25
1231,tumblr.com,105,0,1
1232,tumblr.com,105,0,5
1233,tumblr.com,105,0,10
1234,tumblr.com,105,0,15
1235,tumblr.com,105,0,20
1236,tumblr.com,105,0,25
1237,tumblr.com,120,0,1
1238,tumblr.com,120,0,5
1239,tumblr.com,120,0,10
1240,tumblr.com,120,0,15
1241,tumblr.com,120,0,20
1242,tumblr.com,120,0,25
1243,tumblr.com,135,0,1
1244,tumblr.com,135,0,5
1245,tumblr.com,135,0,10
1246,tumblr.com,135,0,15
1247,tumblr.com,135,0,20
1248,tumblr.com,135,0,25
1249,tumblr.com,150,0,1
1250,tumblr.com,150,0,5
1251,tumblr.com,150,0,10
1252,tumblr.com,150,0,15
1253,tumblr.com,150,0,20
1254,tumblr.com,150,0,25
1255,tumblr.com,0,0.02,1
1256,tumblr.com,0,0.02,5
1257,tumblr.com,0,0.02,10
1258,tumblr.com,0,0.02,15
1259,tumblr.com,0,0.02,20
1260,tumblr.com,0,0.02,25
1261,tumblr.com,15,0.02,1
1262,tumblr.com,15,0.02,5
1263,tumblr.com,15,0.02,10
1264,tumblr.com,15,0.02,15
1265,tumblr.com,15,0.02,20
1266,tumblr.com,15,0.02,25
1267,tumblr.com,30,0.02,1
1268,tumblr.com,30,0.02,5
1269,tumblr.com,30,0.02,10
1270,tumblr.com,30,0.02,15
1271,tumblr.com,30,0.02,20
1272,tumblr.com,30,0.02,25
1273,tumblr.com,45,0.02,1
1274,tumblr.com,45,0.02,5
1275,tumblr.com,45,0.02,10
1276,tumblr.com,45,0.02,15
1277,tumblr.com,45,0.02,20
1278,tumblr.com,45,0.02,25
1279,tumblr.com,60,0.02,1
1280,tumblr.com,60,0.02,5
1281,tumblr.com,60,0.02,10
1282,tumblr.com,60,0.02,15
1283,tumblr.com,60,0.02,20
1284,tumblr.com,60,0.02,25
1285,tumblr.com,75,0.02,1
1286,tumblr.com,75,0.02,5
1287,tumblr.com,75,0.02,10
1288,tumblr.com,75,0.02,15
1289,tumblr.com,75,0.02,20
1290,tumblr.com,75,0.02,25
1291,tumblr.com,90,0.02,1
1292,tumblr.com,90,0.02,5
1293,tumblr.com,90,0.02,10
1294,tumblr.com,90,0.02,15
1295,tumblr.com,90,0.02,20
1296,tumblr.com,90,0.02,25
1297,tumblr.com,105,0.02,1
1298,tumblr.com,105,0.02,5
1299,tumblr.com,105,0.02,10
1300,tumblr.com,105,0.02,15
1301,tumblr.com,105,0.02,20
1302,tumblr.com,105,0.02,25
1303,tumblr.com,120,0.02,1
1304,tumblr.com,120,0.02,5
1305,tumblr.com,120,0.02,10
1306,tumblr.com,120,0.02,15
1307,tumblr.com,120,0.02,20
1308,tumblr.com,120,0.02,25
1309,tumblr.com,135,0.02,1
1310,tumblr.com,135,0.02,5
1311,tumblr.com,135,0.02,10
1312,tumblr.com,135,0.02,15
1313,tumblr.com,135,0.02,20
1314,tumblr.com,135,0.02,25
1315,tumblr.com,150,0.02,1
1316,tumblr.com,150,0.02,5
1317,tumblr.com,150,0.02,10
1318,tumblr.com,150,0.02,15
1319,tumblr.com,150,0.02,20
1320,tumblr.com,150,0.02,25
1321,tumblr.com,0,0.04,1
1322,tumblr.com,0,0.04,5
1323,tumblr.com,0,0.04,10
1324,tumblr.com,0,0.04,15
1325,tumblr.com,0,0.04,20
1326,tumblr.com,0,0.04,25
1327,tumblr.com,15,0.04,1
1328,tumblr.com,15,0.04,5
1329,tumblr.com,15,0.04,10
1330,tumblr.com,15,0.04,15
1331,tumblr.com,15,0.04,20
1332,tumblr.com,15,0.04,25
1333,tumblr.com,30,0.04,1
1334,tumblr.com,30,0.04,5
1335,tumblr.com,30,0.04,10
1336,tumblr.com,30,0.04,15
1337,tumblr.com,30,0.04,20
1338,tumblr.com,30,0.04,25
1339,tumblr.com,45,0.04,1
1340,tumblr.com,45,0.04,5
1341,tumblr.com,45,0.04,10
1342,tumblr.com,45,0.04,15
1343,tumblr.com,45,0.04,20
1344,tumblr.com,45,0.04,25
1345,tumblr.com,60,0.04,1
1346,tumblr.com,60,0.04,5
1347,tumblr.com,60,0.04,10
1348,tumblr.com,60,0.04,15
1349,tumblr.com,60,0.04,20
1350,tumblr.com,60,0.04,25
1351,tumblr.com,75,0.04,1
1352,tumblr.com,75,0.04,5
1353,tumblr.com,75,0.04,10
1354,tumblr.com,75,0.04,15
1355,tumblr.com,75,0.04,20
1356,tumblr.com,75,0.04,25
1357,tumblr.com,90,0.04,1
1358,tumblr.com,90,0.04,5
1359,tumblr.com,90,0.04,10
1360,tumblr.com,90,0.04,15
1361,tumblr.com,90,0.04,20
1362,tumblr.com,90,0.04,25
1363,tumblr.com,105,0.04,1
1364,tumblr.com,105,0.04,5
1365,tumblr.com,105,0.04,10
1366,tumblr.com,105,0.04,15
1367,tumblr.com,105,0.04,20
1368,tumblr.com,105,0.04,25
1369,tumblr.com,120,0.04,1
1370,tumblr.com,120,0.04,5
1371,tumblr.com,120,0.04,10
1372,tumblr.com,120,0.04,15
1373,tumblr.com,120,0.04,20
1374,tumblr.com,120,0.04,25
1375,tumblr.com,135,0.04,1
1376,tumblr.com,135,0.04,5
1377,tumblr.com,135,0.04,10
1378,tumblr.com,135,0.04,15
1379,tumblr.com,135,0.04,20
1380,tumblr.com,135,0.04,25
1381,tumblr.com,150,0.04,1
1382,tumblr.com,150,0.04,5
1383,tumblr.com,150,0.04,10
1384,tumblr.com,150,0.04,15
1385,tumblr.com,150,0.04,20
1386,tumblr.com,150,0.04,25
1387,w3schools.com,0,0,1
1388,w3schools.com,0,0,5
1389,w3schools.com,0,0,10
1390,w3schools.com,0,0,15
1391,w3schools.com,0,0,20
1392,w3schools.com,0,0,25
1393,w3schools.com,15,0,1
1394,w3schools.com,15,0,5
1395,w3schools.com,15,0,10
1396,w3schools.com,15,0,15
1397,w3schools.com,15,0,20
1398,w3schools.com,15,0,25
1399,w3schools.com,30,0,1
1400,w3schools.com,30,0,5
1401,w3schools.com,30,0,10
1402,w3schools.com,30,0,15
1403,w3schools.com,30,0,20
1404,w3schools.com,30,0,25
1405,w3schools.com,45,0,1
1406,w3schools.com,45,0,5
1407,w3schools.com,45,0,10
1408,w3schools.com,45,0,15
1409,w3schools.com,45,0,20
1410,w3schools.com,45,0,25
1411,w3schools.com,60,0,1
1412,w3schools.com,60,0,5
1413,w3schools.com,60,0,10
1414,w3schools.com,60,0,15
1415,w3schools.com,60,0,20
1416,w3schools.com,60,0,25
1417,w3schools.com,75,0,1
1418,w3schools.com,75,0,5
1419,w3schools.com,75,0,10
1420,w3schools.com,75,0,15
1421,w3schools.com,75,0,20
1422,w3schools.com,75,0,25
1423,w3schools.com,90,0,1
1424,w3schools.com,90,0,5
1425,w3schools.com,90,0,10
1426,w3schools.com,90,0,15
1427,w3schools.com,90,0,20
1428,w3schools.com,90,0,25
1429,w3schools.com,105,0,1
1430,w3schools.com,105,0,5
1431,w3schools.com,105,0,10
1432,w3schools.com,105,0,15
1433,w3schools.com,105,0,20
1434,w3schools.com,105,0,25
1435,w3schools.com,120,0,1
1436,w3schools.com,120,0,5
1437,w3schools.com,120,0,10
1438,w3schools.com,120,0,15
1439,w3schools.com,120,0,20
1440,w3schools.com,120,0,25
1441,w3schools.com,135,0,1
1442,w3schools.com,135,0,5
1443,w3schools.com,135,0,10
1444,w3schools.com,135,0,15
1445,w3schools.com,135,0,20
1446,w3schools.com,135,0,25
1447,w3schools.com,150,0,1
1448,w3schools.com,150,0,5
1449,w3schools.com,150,0,10
1450,w3schools.com,150,0,15
1451,w3schools.com,150,0,20
1452,w3schools.com,150,0,25
1453,w3schools.com,0,0.02,1
1454,w3schools.com,0,0.02,5
1455,w3schools.com,0,0.02,10
1456,w3schools.com,0,0.02,15
1457,w3schools.com,0,0.02,20
1458,w3schools.com,0,0.02,25
1459,w3schools.com,15,0.02,1
1460,w3schools.com,15,0.02,5
1461,w3schools.com,15,0.02,10
1462,w3schools.com,15,0.02,15
1463,w3schools.com,15,0.02,20
1464,w3schools.com,15,0.02,25
1465,w3schools.com,30,0.02,1
1466,w3schools.com,30,0.02,5
1467,w3schools.com,30,0.02,10
1468,w3schools.com,30,0.02,15
1469,w3schools.com,30,0.02,20
1470,w3schools.com,30,0.02,25
1471,w3schools.com,45,0.02,1
1472,w3schools.com,45,0.02,5
1473,w3schools.com,45,0.02,10
1474,w3schools.com,45,0.02,15
1475,w3schools.com,45,0.02,20
1476,w3schools.com,45,0.02,25
1477,w3schools.com,60,0.02,1
1478,w3schools.com,60,0.02,5
1479,w3schools.com,60,0.02,10
1480,w3schools.com,60,0.02,15
1481,w3schools.com,60,0.02,20
1482,w3schools.com,60,0.02,25
1483,w3schools.com,75,0.02,1
1484,w3schools.com,75,0.02,5
1485,w3schools.com,75,0.02,10
1486,w3schools.com,75,0.02,15
1487,w3schools.com,75,0.02,20
1488,w3schools.com,75,0.02,25
1489,w3schools.com,90,0.02,1
1490,w3schools.com,90,0.02,5
1491,w3schools.com,90,0.02,10
1492,w3schools.com,90,0.02,15
1493,w3schools.com,90,0.02,20
1494,w3schools.com,90,0.02,25
1495,w3schools.com,105,0.02,1
1496,w3schools.com,105,0.02,5
1497,w3schools.com,105,0.02,10
1498,w3schools.com,105,0.02,15
1499,w3schools.com,105,0.02,20
1500,w3schools.com,105,0.02,25
1501,w3schools.com,120,0.02,1
1502,w3schools.com,120,0.02,5
1503,w3schools.com,120,0.02,10
1504,w3schools.com,120,0.02,15
1505,w3schools.com,120,0.02,20
1506,w3schools.com,120,0.02,25
1507,w3schools.com,135,0.02,1
1508,w3schools.com,135,0.02,5
1509,w3schools.com,135,0.02,10
1510,w3schools.com,135,0.02,15
1511,w3schools.com,135,0.02,20
1512,w3schools.com,135,0.02,25
1513,w3schools.com,150,0.02,1
1514,w3schools.com,150,0.02,5
1515,w3schools.com,150,0.02,10
1516,w3schools.com,150,0.02,15
1517,w3schools.com,150,0.02,20
1518,w3schools.com,150,0.02,25
1519,w3schools.com,0,0.04,1
1520,w3schools.com,0,0.04,5
1521,w3schools.com,0,0.04,10
1522,w3schools.com,0,0.04,15
1523,w3schools.com,0,0.04,20
1524,w3schools.com,0,0.04,25
1525,w3schools.com,15,0.04,1
1526,w3schools.com,15,0.04,5
1527,w3schools.com,15,0.04,10
1528,w3schools.com,15,0.04,15
1529,w3schools.com,15,0.04,20
1530,w3schools.com,15,0.04,25
1531,w3schools.com,30,0.04,1
1532,w3schools.com,30,0.04,5
1533,w3schools.com,30,0.04,10
1534,w3schools.com,30,0.04,15
1535,w3schools.com,30,0.04,20
1536,w3schools.com,30,0.04,25
1537,w3schools.com,45,0.04,1
1538,w3schools.com,45,0.04,5
1539,w3schools.com,45,0.04,10
1540,w3schools.com,45,0.04,15
1541,w3schools.com,45,0.04,20
1542,w3schools.com,45,0.04,25
1543,w3schools.com,60,0.04,1
1544,w3schools.com,60,0.04,5
1545,w3schools.com,60,0.04,10
1546,w3schools.com,60,0.04,15
1547,w3schools.com,60,0.04,20
1548,w3schools.com,60,0.04,25
1549,w3schools.com,75,0.04,1
1550,w3schools.com,75,0.04,5
1551,w3schools.com,75,0.04,10
1552,w3schools.com,75,0.04,15
1553,w3schools.com,75,0.04,20
1554,w3schools.com,75,0.04,25
1555,w3schools.com,90,0.04,1
1556,w3schools.com,90,0.04,5
1557,w3schools.com,90,0.04,10
1558,w3schools.com,90,0.04,15
1559,w3schools.com,90,0.04,20
1560,w3schools.com,90,0.04,25
1561,w3schools.com,105,0.04,1
1562,w3schools.com,105,0.04,5
1563,w3schools.com,105,0.04,10
1564,w3schools.com,105,0.04,15
1565,w3schools.com,105,0.04,20
1566,w3schools.com,105,0.04,25
1567,w3schools.com,120,0.04,1
1568,w3schools.com,120,0.04,5
1569,w3schools.com,120,0.04,10
1570,w3schools.com,120,0.04,15
1571,w3schools.com,120,0.04,20
1572,w3schools.com,120,0.04,25
1573,w3schools.com,135,0.04,1
1574,w3schools.com,135,0.04,5
1575,w3schools.com,135,0.04,10
1576,w3schools.com,135,0.04,15
1577,w3schools.com,135,0.04,20
1578,w3schools.com,135,0.04,25
1579,w3schools.com,150,0.04,1
1580,w3schools.com,150,0.04,5
1581,w3schools.com,150,0.04,10
1582,w3schools.com,150,0.04,15
1583,w3schools.com,150,0.04,20
1584,w3schools.com,150,0.04,25
1585,wikipedia.com,0,0,1
1586,wikipedia.com,0,0,5
1587,wikipedia.com,0,0,10
1588,wikipedia.com,0,0,15
1589,wikipedia.com,0,0,20
1590,wikipedia.com,0,0,25
1591,wikipedia.com,15,0,1
1592,wikipedia.com,15,0,5
1593,wikipedia.com,15,0,10
1594,wikipedia.com,15,0,15
1595,wikipedia.com,15,0,20
1596,wikipedia.com,15,0,25
1597,wikipedia.com,30,0,1
1598,wikipedia.com,30,0,5
1599,wikipedia.com,30,0,10
1600,wikipedia.com,30,0,15
1601,wikipedia.com,30,0,20
1602,wikipedia.com,30,0,25
1603,wikipedia.com,45,0,1
1604,wikipedia.com,45,0,5
1605,wikipedia.com,45,0,10
1606,wikipedia.com,45,0,15
1607,wikipedia.com,45,0,20
1608,wikipedia.com,45,0,25
1609,wikipedia.com,60,0,1
1610,wikipedia.com,60,0,5
1611,wikipedia.com,60,0,10
1612,wikipedia.com,60,0,15
1613,wikipedia.com,60,0,20
1614,wikipedia.com,60,0,25
1615,wikipedia.com,75,0,1
1616,wikipedia.com,75,0,5
1617,wikipedia.com,75,0,10
1618,wikipedia.com,75,0,15
1619,wikipedia.com,75,0,20
1620,wikipedia.com,75,0,25
1621,wikipedia.com,90,0,1
1622,wikipedia.com,90,0,5
1623,wikipedia.com,90,0,10
1624,wikipedia.com,90,0,15
1625,wikipedia.com,90,0,20
1626,wikipedia.com,90,0,25
1627,wikipedia.com,105,0,1
1628,wikipedia.com,105,0,5
1629,wikipedia.com,105,0,10
1630,wikipedia.com,105,0,15
1631,wikipedia.com,105,0,20
1632,wikipedia.com,105,0,25
1633,wikipedia.com,120,0,1
1634,wikipedia.com,120,0,5
1635,wikipedia.com,120,0,10
1636,wikipedia.com,120,0,15
1637,wikipedia.com,120,0,20
1638,wikipedia.com,120,0,25
1639,wikipedia.com,135,0,1
1640,wikipedia.com,135,0,5
1641,wikipedia.com,135,0,10
1642,wikipedia.com,135,0,15
1643,wikipedia.com,135,0,20
1644,wikipedia.com,135,0,25
1645,wikipedia.com,150,0,1
1646,wikipedia.com,150,0,5
1647,wikipedia.com,150,0,10
1648,wikipedia.com,150,0,15
1649,wikipedia.com,150,0,20
1650,wikipedia.com,150,0,25
1651,wikipedia.com,0,0.02,1
1652,wikipedia.com,0,0.02,5
1653,wikipedia.com,0,0.02,10
1654,wikipedia.com,0,0.02,15
1655,wikipedia.com,0,0.02,20
1656,wikipedia.com,0,0.02,25
1657,wikipedia.com,15,0.02,1
1658,wikipedia.com,15,0.02,5
1659,wikipedia.com,15,0.02,10
1660,wikipedia.com,15,0.02,15
1661,wikipedia.com,15,0.02,20
1662,wikipedia.com,15,0.02,25
1663,wikipedia.com,30,0.02,1
1664,wikipedia.com,30,0.02,5
1665,wikipedia.com,30,0.02,10
1666,wikipedia.com,30,0.02,15
1667,wikipedia.com,30,0.02,20
1668,wikipedia.com,30,0.02,25
1669,wikipedia.com,45,0.02,1
1670,wikipedia.com,45,0.02,5
1671,wikipedia.com,45,0.02,10
1672,wikipedia.com,45,0.02,15
1673,wikipedia.com,45,0.02,20
1674,wikipedia.com,45,0.02,25
1675,wikipedia.com,60,0.02,1
1676,wikipedia.com,60,0.02,5
1677,wikipedia.com,60,0.02,10
1678,wikipedia.com,60,0.02,15
1679,wikipedia.com,60,0.02,20
1680,wikipedia.com,60,0.02,25
1681,wikipedia.com,75,0.02,1
1682,wikipedia.com,75,0.02,5
1683,wikipedia.com,75,0.02,10
1684,wikipedia.com,75,0.02,15
1685,wikipedia.com,75,0.02,20
1686,wikipedia.com,75,0.02,25
1687,wikipedia.com,90,0.02,1
1688,wikipedia.com,90,0.02,5
1689,wikipedia.com,90,0.02,10
1690,wikipedia.com,90,0.02,15
1691,wikipedia.com,90,0.02,20
1692,wikipedia.com,90,0.02,25
1693,wikipedia.com,105,0.02,1
1694,wikipedia.com,105,0.02,5
1695,wikipedia.com,105,0.02,10
1696,wikipedia.com,105,0.02,15
1697,wikipedia.com,105,0.02,20
1698,wikipedia.com,105,0.02,25
1699,wikipedia.com,120,0.02,1
1700,wikipedia.com,120,0.02,5
1701,wikipedia.com,120,0.02,10
1702,wikipedia.com,120,0.02,15
1703,wikipedia.com,120,0.02,20
1704,wikipedia.com,120,0.02,25
1705,wikipedia.com,135,0.02,1
1706,wikipedia.com,135,0.02,5
1707,wikipedia.com,135,0.02,10
1708,wikipedia.com,135,0.02,15
1709,wikipedia.com,135,0.02,20
1710,wikipedia.com,135,0.02,25
1711,wikipedia.com,150,0.02,1
1712,wikipedia.com,150,0.02,5
1713,wikipedia.com,150,0.02,10
1714,wikipedia.com,150,0.02,15
1715,wikipedia.com,150,0.02,20
1716,wikipedia.com,150,0.02,25
1717,wikipedia.com,0,0.04,1
1718,wikipedia.com,0,0.04,5
1719,wikipedia.com,0,0.04,10
1720,wikipedia.com,0,0.04,15
1721,wikipedia.com,0,0.04,20
1722,wikipedia.com,0,0.04,25
1723,wikipedia.com,15,0.04,1
1724,wikipedia.com,15,0.04,5
1725,wikipedia.com,15,0.04,10
1726,wikipedia.com,15,0.04,15
1727,wikipedia.com,15,0.04,20
1728,wikipedia.com,15,0.04,25
1729,wikipedia.com,30,0.04,1
1730,wikipedia.com,30,0.04,5
1731,wikipedia.com,30,0.04,10
1732,wikipedia.com,30,0.04,15
1733,wikipedia.com,30,0.04,20
1734,wikipedia.com,30,0.04,25
1735,wikipedia.com,45,0.04,1
1736,wikipedia.com,45,0.04,5
1737,wikipedia.com,45,0.04,10
1738,wikipedia.com,45,0.04,15
1739,wikipedia.com,45,0.04,20
1740,wikipedia.com,45,0.04,25
1741,wikipedia.com,60,0.04,1
1742,wikipedia.com,60,0.04,5
1743,wikipedia.com,60,0.04,10
1744,wikipedia.com,60,0.04,15
1745,wikipedia.com,60,0.04,20
1746,wikipedia.com,60,0.04,25
1747,wikipedia.com,75,0.04,1
1748,wikipedia.com,75,0.04,5
1749,wikipedia.com,75,0.04,10
1750,wikipedia.com,75,0.04,15
1751,wikipedia.com,75,0.04,20
1752,wikipedia.com,75,0.04,25
1753,wikipedia.com,90,0.04,1
1754,wikipedia.com,90,0.04,5
1755,wikipedia.com,90,0.04,10
1756,wikipedia.com,90,0.04,15
1757,wikipedia.com,90,0.04,20
1758,wikipedia.com,90,0.04,25
1759,wikipedia.com,105,0.04,1
1760,wikipedia.com,105,0.04,5
1761,wikipedia.com,105,0.04,10
1762,wikipedia.com,105,0.04,15
1763,wikipedia.com,105,0.04,20
1764,wikipedia.com,105,0.04,25
1765,wikipedia.com,120,0.04,1
1766,wikipedia.com,120,0.04,5
1767,wikipedia.com,120,0.04,10
1768,wikipedia.com,120,0.04,15
1769,wikipedia.com,120,0.04,20
1770,wikipedia.com,120,0.04,25
1771,wikipedia.com,135,0.04,1
1772,wikipedia.com,135,0.04,5
1773,wikipedia.com,135,0.04,10
1774,wikipedia.com,135,0.04,15
1775,wikipedia.com,135,0.04,20
1776,wikipedia.com,135,0.04,25
1777,wikipedia.com,150,0.04,1
1778,wikipedia.com,150,0.04,5
1779,wikipedia.com,150,0.04,10
1780,wikipedia.com,150,0.04,15
1781,wikipedia.com,150,0.04,20
1782,wikipedia.com,150,0.04,25
1783,youtube.com,0,0,1
1784,youtube.com,0,0,5
1785,youtube.com,0,0,10
1786,youtube.com,0,0,15
1787,youtube.com,0,0,20
1788,youtube.com,0,0,25
1789,youtube.com,15,0,1
1790,youtube.com,15,0,5
1791,youtube.com,15,0,10
1792,youtube.com,15,0,15
1793,youtube.com,15,0,20
1794,youtube.com,15,0,25
1795,youtube.com,30,0,1
1796,youtube.com,30,0,5
1797,youtube.com,30,0,10
1798,youtube.com,30,0,15
1799,youtube.com,30,0,20
1800,youtube.com,30,0,25
1801,youtube.com,45,0,1
1802,youtube.com,45,0,5
1803,youtube.com,45,0,10
1804,youtube.com,45,0,15
1805,youtube.com,45,0,20
1806,youtube.com,45,0,25
1807,youtube.com,60,0,1
1808,youtube.com,60,0,5
1809,youtube.com,60,0,10
1810,youtube.com,60,0,15
1811,youtube.com,60,0,20
1812,youtube.com,60,0,25
1813,youtube.com,75,0,1
1814,youtube.com,75,0,5
1815,youtube.com,75,0,10
1816,youtube.com,75,0,15
1817,youtube.com,75,0,20
1818,youtube.com,75,0,25
1819,youtube.com,90,0,1
1820,youtube.com,90,0,5
1821,youtube.com,90,0,10
1822,youtube.com,90,0,15
1823,youtube.com,90,0,20
1824,youtube.com,90,0,25
1825,youtube.com,105,0,1
1826,youtube.com,105,0,5
1827,youtube.com,105,0,10
1828,youtube.com,105,0,15
1829,youtube.com,105,0,20
1830,youtube.com,105,0,25
1831,youtube.com,120,0,1
1832,youtube.com,120,0,5
1833,youtube.com,120,0,10
1834,youtube.com,120,0,15
1835,youtube.com,120,0,20
1836,youtube.com,120,0,25
1837,youtube.com,135,0,1
1838,youtube.com,135,0,5
1839,youtube.com,135,0,10
1840,youtube.com,135,0,15
1841,youtube.com,135,0,20
1842,youtube.com,135,0,25
1843,youtube.com,150,0,1
1844,youtube.com,150,0,5
1845,youtube.com,150,0,10
1846,youtube.com,150,0,15
1847,youtube.com,150,0,20
1848,youtube.com,150,0,25
1849,youtube.com,0,0.02,1
1850,youtube.com,0,0.02,5
1851,youtube.com,0,0.02,10
1852,youtube.com,0,0.02,15
1853,youtube.com,0,0.02,20
1854,youtube.com,0,0.02,25
1855,youtube.com,15,0.02,1
1856,youtube.com,15,0.02,5
1857,youtube.com,15,0.02,10
1858,youtube.com,15,0.02,15
1859,youtube.com,15,0.02,20
1860,youtube.com,15,0.02,25
1861,youtube.com,30,0.02,1
1862,youtube.com,30,0.02,5
1863,youtube.com,30,0.02,10
1864,youtube.com,30,0.02,15
1865,youtube.com,30,0.02,20
1866,youtube.com,30,0.02,25
1867,youtube.com,45,0.02,1
1868,youtube.com,45,0.02,5
1869,youtube.com,45,0.02,10
1870,youtube.com,45,0.02,15
1871,youtube.com,45,0.02,20
1872,youtube.com,45,0.02,25
1873,youtube.com,60,0.02,1
1874,youtube.com,60,0.02,5
1875,youtube.com,60,0.02,10
1876,youtube.com,60,0.02,15
1877,youtube.com,60,0.02,20
1878,youtube.com,60,0.02,25
1879,youtube.com,75,0.02,1
1880,youtube.com,75,0.02,5
1881,youtube.com,75,0.02,10
1882,youtube.com,75,0.02,15
1883,youtube.com,75,0.02,20
1884,youtube.com,75,0.02,25
1885,youtube.com,90,0.02,1
1886,youtube.com,90,0.02,5
1887,youtube.com,90,0.02,10
1888,youtube.com,90,0.02,15
1889,youtube.com,90,0.02,20
1890,youtube.com,90,0.02,25
1891,youtube.com,105,0.02,1
1892,youtube.com,105,0.02,5
1893,youtube.com,105,0.02,10
1894,youtube.com,105,0.02,15
1895,youtube.com,105,0.02,20
1896,youtube.com,105,0.02,25
1897,youtube.com,120,0.02,1
1898,youtube.com,120,0.02,5
1899,youtube.com,120,0.02,10
1900,youtube.com,120,0.02,15
1901,youtube.com,120,0.02,20
1902,youtube.com,120,0.02,25
1903,youtube.com,135,0.02,1
1904,youtube.com,135,0.02,5
1905,youtube.com,135,0.02,10
1906,youtube.com,135,0.02,15
1907,youtube.com,135,0.02,20
1908,youtube.com,135,0.02,25
1909,youtube.com,150,0.02,1
1910,youtube.com,150,0.02,5
1911,youtube.com,150,0.02,10
1912,youtube.com,150,0.02,15
1913,youtube.com,150,0.02,20
1914,youtube.com,150,0.02,25
1915,youtube.com,0,0.04,1
1916,youtube.com,0,0.04,5
1917,youtube.com,0,0.04,10
1918,youtube.com,0,0.04,15
1919,youtube.com,0,0.04,20
1920,youtube.com,0,0.04,25
1921,youtube.com,15,0.04,1
1922,youtube.com,15,0.04,5
1923,youtube.com,15,0.04,10
1924,youtube.com,15,0.04,15
1925,youtube.com,15,0.04,20
1926,youtube.com,15,0.04,25
1927,youtube.com,30,0.04,1
1928,youtube.com,30,0.04,5
1929,youtube.com,30,0.04,10
1930,youtube.com,30,0.04,15
1931,youtube.com,30,0.04,20
1932,youtube.com,30,0.04,25
1933,youtube.com,45,0.04,1
1934,youtube.com,45,0.04,5
1935,youtube.com,45,0.04,10
1936,youtube.com,45,0.04,15
1937,youtube.com,45,0.04,20
1938,youtube.com,45,0.04,25
1939,youtube.com,60,0.04,1
1940,youtube.com,60,0.04,5
1941,youtube.com,60,0.04,10
1942,youtube.com,60,0.04,15
1943,youtube.com,60,0.04,20
1944,youtube.com,60,0.04,25
1945,youtube.com,75,0.04,1
1946,youtube.com,75,0.04,5
1947,youtube.com,75,0.04,10
1948,youtube.com,75,0.04,15
1949,youtube.com,75,0.04,20
1950,youtube.com,75,0.04,25
1951,youtube.com,90,0.04,1
1952,youtube.com,90,0.04,5
1953,youtube.com,90,0.04,10
1954,youtube.com,90,0.04,15
1955,youtube.com,90,0.04,20
1956,youtube.com,90,0.04,25
1957,youtube.com,105,0.04,1
1958,youtube.com,105,0.04,5
1959,youtube.com,105,0.04,10
1960,youtube.com,105,0.04,15
1961,youtube.com,105,0.04,20
1962,youtube.com,105,0.04,25
1963,youtube.com,120,0.04,1
1964,youtube.com,120,0.04,5
1965,youtube.com,120,0.04,10
1966,youtube.com,120,0.04,15
1967,youtube.com,120,0.04,20
1968,youtube.com,120,0.04,25
1969,youtube.com,135,0.04,1
1970,youtube.com,135,0.04,5
1971,youtube.com,135,0.04,10
1972,youtube.com,135,0.04,15
1973,youtube.com,135,0.04,20
1974,youtube.com,135,0.04,25
1975,youtube.com,150,0.04,1
1976,youtube.com,150,0.04,5
1977,youtube.com,150,0.04,10
1978,youtube.com,150,0.04,15
1979,youtube.com,150,0.04,20
1980,youtube.com,150,0.04,25
